{
  "quality": {
    "attention_rnn": {
      "trajectory_points": {
        "mean": 4.0,
        "std": 1.0,
        "min": 3.0,
        "max": 5.0
      },
      "trajectory_length": {
        "mean": 4.003583192825317,
        "std": 1.739745855331421,
        "min": 2.2638373374938965,
        "max": 5.743329048156738
      },
      "velocity_mean": {
        "mean": 154.0650634765625,
        "std": 18.234817504882812,
        "min": 135.8302459716797,
        "max": 172.2998809814453
      },
      "velocity_max": {
        "mean": 261.88665771484375,
        "std": 39.70953369140625,
        "min": 222.1771240234375,
        "max": 301.59619140625
      },
      "velocity_std": {
        "mean": 102.18515014648438,
        "std": 15.838264465332031,
        "min": 86.34688568115234,
        "max": 118.0234146118164
      },
      "acceleration_mean": {
        "mean": 35596.4130859375,
        "std": 14219.7119140625,
        "min": 21376.701171875,
        "max": 49816.125
      },
      "acceleration_max": {
        "mean": 45403.2216796875,
        "std": 24026.5205078125,
        "min": 21376.701171875,
        "max": 69429.7421875
      },
      "acceleration_std": {
        "mean": 6947.73193359375,
        "std": 6947.73193359375,
        "min": 0.0,
        "max": 13895.4638671875
      },
      "jerk_mean": {
        "mean": 6544498.5,
        "std": 6544498.5,
        "min": 0.0,
        "max": 13088997.0
      },
      "jerk_max": {
        "mean": 6596866.0,
        "std": 6596866.0,
        "min": 0.0,
        "max": 13193732.0
      },
      "jerk_std": {
        "mean": 52367.5,
        "std": 52367.5,
        "min": 0.0,
        "max": 104735.0
      },
      "smoothness_score": {
        "mean": 0.5000381971040042,
        "std": 0.4999618028959958,
        "min": 7.639420800842345e-05,
        "max": 1.0
      },
      "curvature_mean": {
        "mean": 0.4767187833786011,
        "std": 0.11177808046340942,
        "min": 0.36494070291519165,
        "max": 0.5884968638420105
      },
      "curvature_max": {
        "mean": 0.5384997725486755,
        "std": 0.1735590696334839,
        "min": 0.36494070291519165,
        "max": 0.7120588421821594
      },
      "curvature_std": {
        "mean": 0.08454153686761856,
        "std": 0.08454153686761856,
        "min": 0.0,
        "max": 0.16908307373523712
      },
      "curvature_total": {
        "mean": 1.065215677022934,
        "std": 0.7002749741077423,
        "min": 0.36494070291519165,
        "max": 1.7654906511306763
      }
    },
    "wgan_gp": {
      "trajectory_points": {
        "mean": 150.0,
        "std": 0.0,
        "min": 150.0,
        "max": 150.0
      },
      "trajectory_length": {
        "mean": 0.00917985001578927,
        "std": 0.0022414293791619654,
        "min": 0.0063352943398058414,
        "max": 0.012837963178753853
      },
      "velocity_mean": {
        "mean": 0.007393167354166508,
        "std": 0.001805177981978957,
        "min": 0.005102249793708324,
        "max": 0.010339298285543919
      },
      "velocity_max": {
        "mean": 0.31234017163515093,
        "std": 0.10994003105722552,
        "min": 0.12119860202074051,
        "max": 0.4415420591831207
      },
      "velocity_std": {
        "mean": 0.03780178166925907,
        "std": 0.010804014969761078,
        "min": 0.020457154139876366,
        "max": 0.0494355671107769
      },
      "acceleration_mean": {
        "mean": 0.3221170902252197,
        "std": 0.08600075954222351,
        "min": 0.21505701541900635,
        "max": 0.45404213666915894
      },
      "acceleration_max": {
        "mean": 13.668450355529785,
        "std": 3.2896605837539488,
        "min": 10.077911376953125,
        "max": 19.29822540283203
      },
      "acceleration_std": {
        "mean": 1.6840806961059571,
        "std": 0.4366179058978567,
        "min": 1.2145506143569946,
        "max": 2.2299413681030273
      },
      "jerk_mean": {
        "mean": 25.457451629638673,
        "std": 10.64325302804586,
        "min": 14.514751434326172,
        "max": 45.7686882019043
      },
      "jerk_max": {
        "mean": 1533.7940063476562,
        "std": 1016.5221268029795,
        "min": 465.91656494140625,
        "max": 3457.506591796875
      },
      "jerk_std": {
        "mean": 156.39196319580077,
        "std": 84.35285261235053,
        "min": 69.08232116699219,
        "max": 317.5327453613281
      },
      "smoothness_score": {
        "mean": 0.9752783656120301,
        "std": 0.010003904801763925,
        "min": 0.956234335899353,
        "max": 0.9856928586959839
      },
      "curvature_mean": {
        "mean": 17156502.553619005,
        "std": 9134089.909823075,
        "min": 3953528.1107326197,
        "max": 26599818.913871396
      },
      "curvature_max": {
        "mean": 189812528.0,
        "std": 0.0,
        "min": 189812528.0,
        "max": 189812528.0
      },
      "curvature_std": {
        "mean": 49547253.57903812,
        "std": 17068759.848486684,
        "min": 21776361.96000707,
        "max": 65263870.076504536
      },
      "curvature_total": {
        "mean": 2539162377.935613,
        "std": 1351845306.653815,
        "min": 585122160.3884277,
        "max": 3936773199.252967
      }
    },
    "transformer": {
      "trajectory_points": {
        "mean": 3.0,
        "std": 0.0,
        "min": 3.0,
        "max": 3.0
      },
      "trajectory_length": {
        "mean": 5.653924465179443,
        "std": 0.0,
        "min": 5.653924465179443,
        "max": 5.653924465179443
      },
      "velocity_mean": {
        "mean": 339.2354736328125,
        "std": 0.0,
        "min": 339.2354736328125,
        "max": 339.2354736328125
      },
      "velocity_max": {
        "mean": 531.4470825195312,
        "std": 0.0,
        "min": 531.4470825195312,
        "max": 531.4470825195312
      },
      "velocity_std": {
        "mean": 192.21160888671875,
        "std": 0.0,
        "min": 192.21160888671875,
        "max": 192.21160888671875
      },
      "acceleration_mean": {
        "mean": 80381.1015625,
        "std": 0.0,
        "min": 80381.1015625,
        "max": 80381.1015625
      },
      "acceleration_max": {
        "mean": 80381.1015625,
        "std": 0.0,
        "min": 80381.1015625,
        "max": 80381.1015625
      },
      "acceleration_std": {
        "mean": 0.0,
        "std": 0.0,
        "min": 0.0,
        "max": 0.0
      },
      "jerk_mean": {
        "mean": 0.0,
        "std": 0.0,
        "min": 0.0,
        "max": 0.0
      },
      "jerk_max": {
        "mean": 0.0,
        "std": 0.0,
        "min": 0.0,
        "max": 0.0
      },
      "jerk_std": {
        "mean": 0.0,
        "std": 0.0,
        "min": 0.0,
        "max": 0.0
      },
      "smoothness_score": {
        "mean": 1.0,
        "std": 0.0,
        "min": 1.0,
        "max": 1.0
      },
      "curvature_mean": {
        "mean": 0.22758542001247406,
        "std": 0.0,
        "min": 0.22758542001247406,
        "max": 0.22758542001247406
      },
      "curvature_max": {
        "mean": 0.22758542001247406,
        "std": 0.0,
        "min": 0.22758542001247406,
        "max": 0.22758542001247406
      },
      "curvature_std": {
        "mean": 0.0,
        "std": 0.0,
        "min": 0.0,
        "max": 0.0
      },
      "curvature_total": {
        "mean": 0.22758542001247406,
        "std": 0.0,
        "min": 0.22758542001247406,
        "max": 0.22758542001247406
      }
    }
  },
  "speed": {
    "attention_rnn": {
      "mean_time": 0.0014039993286132813,
      "std_time": 0.00035456723896703943,
      "min_time": 0.0012521743774414062,
      "max_time": 0.002463817596435547,
      "trajectories_per_second": 712.2510528460807
    },
    "wgan_gp": {
      "mean_time": 0.038305234909057614,
      "std_time": 0.005458073542124052,
      "min_time": 0.031504154205322266,
      "max_time": 0.04382896423339844,