{
  "word": "test",
  "duration": 0.6,
  "sampling_rate": 100,
  "trajectory": [
    [
      -414.5987453709782,
      -61.92260845153019,
      0.0
    ],
    [
      -415.20263250718915,
      -61.502678422273824,
      0.010169491525423728
    ],
    [
      -413.6673763714416,
      -61.71959606054358,
      0.020338983050847456
    ],
    [
      -414.26922522339515,
      -60.78260604091435,
      0.030508474576271184
    ],
    [
      -419.1535540374107,
      -61.89480687088566,
      0.04067796610169491
    ],
    [
      -438.64882673819835,
      -62.423897316720485,
      0.05084745762711864
    ],
    [
      -451.2344872651585,
      -62.51169333857763,
      0.06101694915254237
    ],
    [
      -462.92884544697284,
      -60.27098926513823,
      0.07118644067796609
    ],
    [
      -469.69787895631987,
      -59.85695615928473,
      0.08135593220338982
    ],
    [
      -488.4787911608415,
      -58.49594816202014,
      0.09152542372881356
    ],
    [
      -504.86613862028406,
      -56.32878247560548,
      0.10169491525423728
    ],
    [
      -516.6611956698193,
      -54.184577432562726,
      0.111864406779661
    ],
    [
      -522.1105539839865,
      -55.154117164290675,
      0.12203389830508474
    ],
    [
      -527.8741392900853,
      -55.50863999351219,
      0.13220338983050847
    ],
    [
      -530.6737767169649,
      -55.67418627645637,
      0.14237288135593218
    ],
    [
      -531.0937714061056,
      -54.917826063163936,
      0.15254237288135591
    ],
    [
      -532.5021618898994,
      -54.27952176790566,
      0.16271186440677965
    ],
    [
      -533.4266377273347,
      -53.53397241881902,
      0.17288135593220338
    ],
    [
      -530.4848581606644,
      -54.8619896242574,
      0.18305084745762712
    ],
    [
      -530.7140352193669,
      -55.342418901549706,
      0.19322033898305083
    ],
    [
      -532.5563367372802,
      -56.32246255549465,
      0.20338983050847456
    ],
    [
      -533.250571713063,
      -57.39003320920177,
      0.2135593220338983
    ],
    [
      -534.7281236020376,
      -58.91535171690515,
      0.223728813559322
    ],
    [
      -538.7193264664639,
      -60.994487013449756,
      0.23389830508474574
    ],
    [
      -540.8933625993698,
      -64.25796409862197,
      0.24406779661016947
    ],
    [
      -539.8381964089363,
      -69.00148740466987,
      0.2542372881355932
    ],
    [
      -545.8752692078255,
      -71.1905019709847,
      0.26440677966101694
    ],
    [
      -544.7868319459457,
      -75.36830609560238,
      0.2745762711864407
    ],
    [
      -549.5400264304203,
      -80.34964598530188,
      0.28474576271186436
    ],
    [
      -546.2839173029964,
      -84.99631237238856,
      0.2949152542372881
    ],
    [
      -547.2074496542722,
      -88.75726349659743,
      0.30508474576271183
    ],
    [
      -556.3826243234175,
      -91.51869087127217,
      0.31525423728813556
    ],
    [
      -556.6773113330552,
      -97.84626110898155,
      0.3254237288135593
    ],
    [
      -566.3074613533391,
      -102.74878124698981,
      0.33559322033898303
    ],
    [
      -562.6530905264243,
      -107.70273487996899,
      0.34576271186440677
    ],
    [
      -569.0629905925637,
      -108.26913588188779,
      0.3559322033898305
    ],
    [
      -567.2216884109051,
      -111.15164871055237,
      0.36610169491525424
    ],
    [
      -563.7036122050698,
      -113.67568139479768,
      0.3762711864406779
    ],
    [
      -565.447712148402,
      -116.61677739516675,
      0.38644067796610165
    ],
    [
      -567.4866124813828,
      -118.02363486263155,
      0.3966101694915254
    ],
    [
      -568.8943969959568,
      -119.18730680300523,
      0.4067796610169491
    ],
    [
      -569.3133764936317,
      -119.24915434554215,
      0.41694915254237286
    ],
    [
      -566.8896663846181,
      -119.09183173650187,
      0.4271186440677966
    ],
    [
      -566.926681699849,
      -119.93244100114585,
      0.43728813559322033
    ],
    [
      -570.8465745900827,
      -121.95331050286242,
      0.447457627118644
    ],
    [
      -571.1580418818791,
      -121.01910169846414,
      0.45762711864406774
    ],
    [
      -564.4502751292343,
      -119.46227821613375,
      0.4677966101694915
    ],
    [
      -556.9297943875409,
      -116.31333136058302,
      0.4779661016949152
    ],
    [
      -551.0908596285321,
      -114.34868522650629,
      0.48813559322033895
    ],
    [
      -536.8147045284561,
      -110.89651309293716,
      0.4983050847457627
    ],
    [
      -515.8157414059519,
      -102.2173395556045,
      0.5084745762711864
    ],
    [
      -496.62639663970657,
      -94.12797840303087,
      0.5186440677966101
    ],
    [
      -489.93399651240867,
      -85.61086048231837,
      0.5288135593220339
    ],
    [
      -474.3132137461324,
      -80.83607313917989,
      0.5389830508474576
    ],
    [
      -454.4710651698777,
      -74.8492186394794,
      0.5491525423728814
    ],
    [
      -432.62204603200615,
      -69.26025701390869,
      0.559322033898305
    ],
    [
      -415.63138698853635,
      -65.36742090391319,
      0.5694915254237287
    ],
    [
      -411.39796585453894,
      -62.657707485146005,
      0.5796610169491525
    ],
    [
      -407.2499383610858,
      -63.87008264480934,
      0.5898305084745762
    ],
    [
      -410.7092139961236,
      -64.27780001709135,
      0.6
    ]
  ],