{
  "word": "that",
  "duration": 0.6,
  "sampling_rate": 100,
  "trajectory": [
    [
      -248.83015533821106,
      -120.5833052600655,
      0.0
    ],
    [
      -248.76880719915823,
      -120.9027219171719,
      0.010169491525423728
    ],
    [
      -247.18683483948217,
      -121.92157151784505,
      0.020338983050847456
    ],
    [
      -241.77740084169943,
      -124.11364827244452,
      0.030508474576271184
    ],
    [
      -230.2850956066315,
      -127.45046076109713,
      0.04067796610169491
    ],
    [
      -218.08293432051948,
      -132.1253044551009,
      0.05084745762711864
    ],
    [
      -209.37666392004812,
      -136.23739554881837,
      0.06101694915254237
    ],
    [
      -197.99361669736084,
      -141.95551030016125,
      0.07118644067796609
    ],
    [
      -182.25099100193992,
      -147.63243285453112,
      0.08135593220338982
    ],
    [
      -162.42602064992576,
      -155.45775215331915,
      0.09152542372881356
    ],
    [
      -151.93190567982361,
      -161.99941678646167,
      0.10169491525423728
    ],
    [
      -140.0852293243452,
      -165.93053624400505,
      0.111864406779661
    ],
    [
      -129.75715724326665,
      -170.23086343164567,
      0.12203389830508474
    ],
    [
      -121.56870418624814,
      -172.48544917523026,
      0.13220338983050847
    ],
    [
      -119.68529535396611,
      -173.75703485848845,
      0.14237288135593218
    ],
    [
      -118.24391641283395,
      -172.96582937834972,
      0.15254237288135591
    ],
    [
      -119.6378963239752,
      -174.01359721389633,
      0.16271186440677965
    ],
    [
      -110.56971474456391,
      -173.7971917766869,
      0.17288135593220338
    ],
    [
      -114.5625145005042,
      -173.3808051955906,
      0.18305084745762712
    ],
    [
      -118.73081197254041,
      -172.9133514704269,
      0.19322033898305083
    ],
    [
      -125.56336737280142,
      -173.0,
      0.20338983050847456
    ],
    [
      -133.38689862982397,
      -172.66852376659577,
      0.2135593220338983
    ],
    [
      -140.22320242410885,
      -172.08812778545797,
      0.223728813559322
    ],
    [
      -151.15243084559935,
      -173.17197671411563,
      0.23389830508474574
    ],
    [
      -165.98572504749453,
      -174.82799383979287,
      0.24406779661016947
    ],
    [
      -190.2492684579556,
      -176.0394295619224,
      0.2542372881355932
    ],
    [
      -214.2843437597268,
      -172.33333517041467,
      0.26440677966101694
    ],
    [
      -246.9076830290174,
      -172.78732468661585,
      0.2745762711864407
    ],
    [
      -272.1397561118362,
      -171.69341126641208,
      0.28474576271186436
    ],
    [
      -297.4931092325582,
      -174.60697938304045,
      0.2949152542372881
    ],
    [
      -314.3507077335221,
      -174.24037645629156,
      0.30508474576271183
    ],
    [
      -340.7726927181018,
      -175.12521677141373,
      0.31525423728813556
    ],
    [
      -365.51546166182743,
      -175.92946517750315,
      0.3254237288135593
    ],
    [
      -390.7823404500516,
      -171.95024437942237,
      0.33559322033898303
    ],
    [
      -410.2717274958471,
      -172.8148751520296,
      0.34576271186440677
    ],
    [
      -430.920725611021,
      -170.12846285959972,
      0.3559322033898305
    ],
    [
      -445.60709314347463,
      -173.6079893427339,
      0.36610169491525424
    ],
    [
      -464.01210392191905,
      -172.72199150348567,
      0.3762711864406779
    ],
    [
      -474.10923863041137,
      -173.50057308002792,
      0.38644067796610165
    ],
    [
      -483.21014486907245,
      -172.9280913061176,
      0.3966101694915254
    ],
    [
      -488.9439699595676,
      -173.0,
      0.4067796610169491
    ],
    [
      -493.018732903594,
      -172.9716783043792,
      0.41694915254237286
    ],
    [
      -494.71575761152474,
      -172.87919825147785,
      0.4271186440677966
    ],
    [
      -495.238426161214,
      -172.03407834175738,
      0.43728813559322033
    ],
    [
      -492.71728447791213,
      -172.4985203186111,
      0.447457627118644
    ],
    [
      -492.32991579917467,
      -172.0217736324377,
      0.45762711864406774
    ],
    [
      -491.2870928045122,
      -173.090478198314,
      0.4677966101694915
    ],
    [
      -486.0460773978506,
      -170.95249030866674,
      0.4779661016949152
    ],
    [
      -472.0631657866239,
      -169.12980575612613,
      0.48813559322033895
    ],
    [
      -442.42796111506084,
      -162.73986291860126,
      0.4983050847457627
    ],
    [
      -411.9397118920308,
      -157.16627259132866,
      0.5084745762711864
    ],
    [
      -386.53090283298314,
      -149.1370126908174,
      0.5186440677966101
    ],
    [
      -363.3065183653782,
      -144.40877452250123,
      0.5288135593220339
    ],
    [
      -333.2989024774664,
      -137.4659434516697,
      0.5389830508474576
    ],
    [
      -302.03911472035855,
      -134.36089729549383,
      0.5491525423728814
    ],
    [
      -284.29584637924125,
      -128.74264358355896,
      0.559322033898305
    ],
    [
      -279.00554689763686,
      -126.28574600441215,
      0.5694915254237287
    ],
    [
      -264.08370081046917,
      -121.0185271681318,
      0.5796610169491525
    ],
    [
      -251.8031596458502,
      -119.78922612483298,
      0.5898305084745762
    ],
    [
      -241.39635838018498,
      -118.54168556955464,
      0.6
    ]
  ],