{
  "word": "that",
  "duration": 0.6,
  "sampling_rate": 100,
  "trajectory": [
    [
      -99.87790271839344,
      -0.07040943239310807,
      0.02266836699082078
    ],
    [
      -97.26951980439645,
      -1.1694968241236297,
      0.04383597069123989
    ],
    [
      -92.5398363714719,
      -6.1218299109686924,
      0.06343023751709964
    ],
    [
      -76.59909579643924,
      -15.729491468322983,
      0.08142641266638563
    ],
    [
      -54.37323507311478,
      -29.015032997848692,
      0.09785063524353675
    ],
    [
      -22.54171318322059,
      -44.78488350080168,
      0.11277669392001427
    ],
    [
      10.045773920876861,
      -65.20899909688568,
      0.12631728783373247
    ],
    [
      44.00369237675734,
      -87.62745177815938,
      0.13861188127402885
    ],
    [
      79.4307089702774,
      -111.47282942926564,
      0.1498136987242216
    ],
    [
      110.27164136270477,
      -131.28494979479038,
      0.16007803980040913
    ],
    [
      136.21994673533132,
      -144.22389033811672,
      0.16955324193792215
    ],
    [
      149.51964782473593,
      -155.72295223011764,
      0.17837471019839668
    ],
    [
      151.03942020990618,
      -163.1593349900637,
      0.18666175834624094
    ],
    [
      136.77990768252636,
      -171.40266240344823,
      0.19451665214629907
    ],
    [
      121.25358624748009,
      -173.5786644686058,
      0.20202516128390685
    ],
    [
      91.99878792321967,
      -175.35002620151968,
      0.20925800477725998
    ],
    [
      71.98630529079611,
      -174.38257995237697,
      0.21627272049097251
    ],
    [
      43.53300828726674,
      -173.7863642975471,
      0.22311564009735826
    ],
    [
      17.07199829195568,
      -173.23645808050424,
      0.22982377644202565
    ],
    [
      -13.049146791789267,
      -172.90131676823955,
      0.23642652225507627
    ],
    [
      -41.282718172573034,
      -173.0,
      0.24294712023375042
    ],
    [
      -69.61652071511277,
      -172.9135312343471,
      0.24940390156687808
    ],
    [
      -99.43423514196708,
      -173.57268438950337,
      0.2558113101690155
    ],
    [
      -124.1819544321651,
      -173.78076291396286,
      0.26218073919948337
    ],
    [
      -156.02163152333776,
      -172.96203971931192,
      0.2685212092246929
    ],
    [
      -177.51131740501907,
      -170.6130746637149,
      0.27483991659384804
    ],
    [
      -195.18882154066807,
      -170.74297859708406,
      0.2811426781145872
    ],
    [
      -222.34766165754823,
      -170.84620860243663,
      0.2874342950639656
    ],
    [
      -257.85931952194994,
      -173.09226202403437,
      0.2937188565911018
    ],
    [
      -293.09322648992816,
      -175.49964863473195,
      0.3
    ],
    [
      -318.06611797402917,
      -175.37645970117353,
      0.30628114340889817
    ],
    [
      -339.2857988061415,
      -175.94378653928536,
      0.31256570493603436
    ],
    [
      -364.50285313251516,
      -175.94525136357302,
      0.31885732188541277
    ],
    [
      -384.0634131490781,
      -174.89677761229726,
      0.32516008340615193
    ],
    [
      -413.49870741488877,
      -173.68999902437332,
      0.33147879077530706
    ],
    [
      -440.01383457501134,
      -171.85780507764733,
      0.33781926080051666
    ],
    [
      -476.75375441164795,
      -172.93814450146678,
      0.34418868983098444
    ],
    [
      -508.0059868358922,
      -171.8333959724914,
      0.3505960984331219
    ],
    [
      -535.4891246233128,
      -172.55050748206406,
      0.35705287976624955
    ],
    [
      -560.1862560812318,
      -172.70198013129112,
      0.36357347774492377
    ],
    [
      -585.9506799145248,
      -173.0,
      0.37017622355797436
    ],
    [
      -612.5336779557723,
      -173.5058896732097,
      0.37688435990264174
    ],
    [
      -636.5066454836219,
      -173.5013612396324,
      0.38372727950902746
    ],
    [
      -666.4365238954656,
      -174.98139076644497,
      0.39074199522274
    ],
    [
      -689.7593617981776,
      -173.65211804469175,
      0.3979748387160931
    ],
    [
      -724.0892658263504,
      -175.44022379250126,
      0.40548334785370094
    ],
    [
      -735.9637620604601,
      -172.49348712586018,
      0.4133382416537591
    ],
    [
      -743.216869876058,
      -168.7267133390924,
      0.42162528980160324
    ],
    [
      -719.1640516251728,
      -158.00875675129285,
      0.4304467580620778
    ],
    [
      -679.8533492330295,
      -144.89744088586122,
      0.4399219601995908
    ],
    [
      -615.4133785220504,
      -126.27059197297045,
      0.4501863012757783
    ],
    [
      -533.7316139786122,
      -105.29053622445366,
      0.461388118725971
    ],
    [
      -442.7966299048397,
      -83.25821872211783,
      0.47368271216626745
    ],
    [
      -356.4705324107377,
      -61.22146805272629,
      0.48722330607998565
    ],
    [
      -281.9605553754688,
      -43.67143331588322,
      0.5021493647564632
    ],
    [
      -209.77471656724728,
      -27.399412010896814,
      0.5185735873336144
    ],
    [
      -159.62964689364583,
      -15.174904028407743,
      0.5365697624829002
    ],
    [
      -124.05544200546935,
      -4.813868812054286,
      0.5561640293087601
    ],
    [
      -114.34135357381662,
      -0.8829032996129815,
      0.5773316330091792
    ],
    [
      -107.06213883123527,
      0.04745845818843142,
      0.6
    ]
  ],