{
  "word": "test",
  "duration": 0.6,
  "sampling_rate": 100,
  "trajectory": [
    [
      -100.16279637547538,
      0.0,
      0.02266836699082078
    ],
    [
      -103.09002068729173,
      0.18318371437988631,
      0.04383597069123989
    ],
    [
      -113.85105268215749,
      0.12007285438830861,
      0.06343023751709964
    ],
    [
      -137.90975410257496,
      -0.034044267918747075,
      0.08142641266638563
    ],
    [
      -170.90171254517924,
      0.05232743396214617,
      0.09785063524353675
    ],
    [
      -212.39787208562694,
      2.906910542217192,
      0.11277669392001427
    ],
    [
      -248.86085019465742,
      3.14368963778037,
      0.12631728783373247
    ],
    [
      -299.58293449662364,
      3.0913254460605057,
      0.13861188127402885
    ],
    [
      -346.0826497501491,
      1.3080116137370523,
      0.1498136987242216
    ],
    [
      -397.4425729395192,
      0.9671392571617939,
      0.16007803980040913
    ],
    [
      -431.96204874710725,
      -3.0827400258348425,
      0.16955324193792215
    ],
    [
      -469.08994232390745,
      -5.034579462708702,
      0.17837471019839668
    ],
    [
      -490.41340853800995,
      -8.399497049184495,
      0.18666175834624094
    ],
    [
      -506.63693141260114,
      -9.160450686409195,
      0.19451665214629907
    ],
    [
      -509.5236632889417,
      -12.721224940008208,
      0.20202516128390685
    ],
    [
      -513.6044542375759,
      -16.546347055182117,
      0.20925800477725998
    ],
    [
      -514.8084937154717,
      -21.32485160851315,
      0.21627272049097251
    ],
    [
      -521.3356063444817,
      -28.96229265667543,
      0.22311564009735826
    ],
    [
      -522.3714813087406,
      -33.56298656474671,
      0.22982377644202565
    ],
    [
      -523.392258555227,
      -37.46238738808413,
      0.23642652225507627
    ],
    [
      -524.1282718172573,
      -41.74191024385514,
      0.24294712023375042
    ],
    [
      -527.8183293554022,
      -46.19009883743812,
      0.24940390156687808
    ],
    [
      -530.4729980281141,
      -51.01881072775583,
      0.2558113101690155
    ],
    [
      -535.8939530390284,
      -55.22397955404982,
      0.26218073919948337
    ],
    [
      -538.2571179921147,
      -59.28594647949653,
      0.2685212092246929
    ],
    [
      -539.871406703985,
      -64.07401383513941,
      0.27483991659384804
    ],
    [
      -533.1908071582965,
      -69.54278672331493,
      0.2811426781145872
    ],
    [
      -527.643657993198,
      -74.40479480631183,
      0.2874342950639656
    ],
    [
      -531.8820979076391,
      -78.63119321850361,
      0.2937188565911018
    ],
    [
      -536.848847956747,
      -83.34535289802547,
      0.3
    ],
    [
      -544.4614230153715,
      -89.27808530937519,
      0.30628114340889817
    ],
    [
      -546.0652998752155,
      -95.55714857823111,
      0.31256570493603436
    ],
    [
      -553.402454892289,
      -101.85186338761017,
      0.31885732188541277
    ],
    [
      -555.5924345593755,
      -105.31437076290673,
      0.32516008340615193
    ],
    [
      -566.8878795922127,
      -108.43550388095359,
      0.33147879077530706
    ],
    [
      -571.0346480024219,
      -111.1997567848043,
      0.33781926080051666
    ],
    [
      -576.53020485963,
      -116.79996202995481,
      0.34418868983098444
    ],
    [
      -575.651485952835,
      -121.61884453993702,
      0.3505960984331219
    ],
    [
      -574.0274452168226,
      -126.42498423273597,
      0.35705287976624955
    ],
    [
      -575.5700065644983,
      -131.38175931004128,
      0.36357347774492377
    ],
    [
      -578.5950679914525,
      -135.96946762521281,
      0.37017622355797436
    ],
    [
      -580.0514514711241,
      -140.76309867758084,
      0.37688435990264174
    ],
    [
      -582.1028231535809,
      -144.71192966786117,
      0.38372727950902746
    ],
    [
      -585.9477904341854,
      -149.22414878299512,
      0.39074199522274
    ],
    [
      -594.5971175464985,
      -154.07586211226322,
      0.3979748387160931
    ],
    [
      -600.2204032807138,
      -160.12736512610124,
      0.40548334785370094
    ],
    [
      -596.2511204628315,
      -163.6881460344082,
      0.4133382416537591
    ],
    [
      -578.9233906306661,
      -162.0764518580556,
      0.42162528980160324
    ],
    [
      -551.9024057581765,
      -153.7443547570835,
      0.4304467580620778
    ],
    [
      -510.3363200561162,
      -143.81524960651683,
      0.4399219601995908
    ],
    [
      -457.52696165502124,
      -127.86250053435509,
      0.4501863012757783
    ],
    [
      -401.6705772768794,
      -108.96197110382136,
      0.461388118725971
    ],
    [
      -343.2092796301007,
      -86.43384764853315,
      0.47368271216626745
    ],
    [
      -284.7694361858903,
      -61.91523979393593,
      0.48722330607998565
    ],
    [
      -221.61449568224828,
      -41.551322673515564,
      0.5021493647564632
    ],
    [
      -171.31854818166224,
      -23.80714195498003,
      0.5185735873336144
    ],
    [
      -138.03869892592613,
      -14.06323129239882,
      0.5365697624829002
    ],
    [
      -118.27957405797774,
      -7.97875798778556,
      0.5561640293087601
    ],
    [
      -114.92592591397069,
      -3.5810106862108237,
      0.5773316330091792
    ],
    [
      -115.78900045409448,
      -1.5080330385167675,
      0.6
    ]
  ],