{
  "total_samples": 3440,
  "unique_words": 172,
  "style_distribution": {
    "precise": 860,
    "natural": 860,
    "fast": 860,
    "sloppy": 860
  },
  "jerk_statistics": {
    "mean": 920443.6184638261,
    "std": 299143.38398687664,
    "min": 59762.80363816502,
    "max": 1509739.5955276452,
    "median": 966103.0092170098,
    "under_1M": 1850,
    "under_1M_pct": 53.779069767441854
  },
  "duration_statistics": {
    "mean": 0.6382325042314768,
    "std": 0.3033851257953553,
    "min": 0.3,
    "max": 2.1559999340068923
  },
  "trajectory_length": {
    "mean": 63.37558139534884,
    "std": 30.27710561896529,
    "min": 30,
    "max": 215
  },
  "word_length_distribution": {
    "7": 180,
    "6": 200,
    "5": 580,
    "2": 440,
    "8": 220,
    "3": 660,
    "4": 1060,
    "1": 40,
    "9": 60
  }
}